pc_time,uart_line
"2026-10-05 14:49:15.647","S,0,0,9,R,8800,0,30286,3314,9028,0,0,-710,-754,-817,-738,7,22114"
"2026-10-05 14:49:15.653","EVENT,STEP_START,10,F,300,3314,target_counts=1719"
"2026-10-05 14:49:15.697","S,42,1,10,F,300,19,3314,3311,-3,180,180,-16,-19,19,23,7,22119"
"2026-10-05 14:49:15.747","S,92,1,10,F,300,59,3314,3311,-3,180,180,-60,-59,59,77,7,22124"
"2026-10-05 14:49:15.796","S,142,1,10,F,300,117,3314,3305,-9,180,180,-117,-117,116,134,7,22129"
"2026-10-05 14:49:15.847","S,192,1,10,F,300,180,3314,3302,-12,181,179,-179,-180,180,199,7,22134"
"2026-10-05 14:49:15.897","S,242,1,10,F,300,246,3314,3298,-16,181,179,-244,-246,246,265,7,22139"
"2026-10-05 14:49:15.946","S,292,1,10,F,300,313,3314,3296,-18,181,179,-310,-314,313,332,7,22144"
"2026-10-05 14:49:15.996","S,342,1,10,F,300,381,3314,3288,-26,182,178,-376,-382,380,399,7,22149"
"2026-10-05 14:49:16.046","S,392,1,10,F,300,449,3314,3284,-30,183,177,-444,-450,448,467,7,22154"
"2026-10-05 14:49:16.096","S,442,1,10,F,300,516,3314,3274,-40,184,176,-511,-517,516,534,7,22159"
"2026-10-05 14:49:16.147","S,492,1,10,F,300,584,3314,3267,-47,184,176,-578,-585,583,601,7,22164"
"2026-10-05 14:49:16.196","S,542,1,10,F,300,652,3314,3271,-43,184,176,-646,-654,651,668,7,22169"
"2026-10-05 14:49:16.246","S,592,1,10,F,300,721,3314,3262,-52,185,175,-713,-722,720,736,7,22174"
"2026-10-05 14:49:16.296","S,642,1,10,F,300,789,3314,3260,-54,185,175,-781,-790,789,804,7,22179"
"2026-10-05 14:49:16.347","S,692,1,10,F,300,857,3314,3270,-44,184,176,-850,-858,856,872,7,22184"
"2026-10-05 14:49:16.396","S,742,1,10,F,300,924,3314,3276,-38,183,177,-918,-926,922,939,7,22189"
"2026-10-05 14:49:16.446","S,792,1,10,F,300,992,3314,3283,-31,183,177,-985,-995,990,1006,7,22194"
"2026-10-05 14:49:16.496","S,842,1,10,F,300,1060,3314,3293,-21,182,178,-1053,-1064,1057,1073,7,22199"
"2026-10-05 14:49:16.546","S,892,1,10,F,300,1128,3314,3301,-13,181,179,-1120,-1133,1123,1139,7,22204"
"2026-10-05 14:49:16.597","S,942,1,10,F,300,1195,3314,3285,-29,182,178,-1186,-1200,1191,1207,7,22209"
"2026-10-05 14:49:16.646","S,992,1,10,F,300,1262,3314,3283,-31,183,177,-1252,-1267,1258,1274,7,22214"
"2026-10-05 14:49:16.698","S,1042,1,10,F,300,1330,3314,3284,-30,183,177,-1319,-1334,1326,1342,7,22219"
"2026-10-05 14:49:16.747","S,1092,1,10,F,300,1397,3314,3280,-34,183,177,-1386,-1401,1393,1410,7,22224"
"2026-10-05 14:49:16.798","S,1142,1,10,F,300,1464,3314,3284,-30,183,177,-1453,-1469,1460,1477,7,22229"
"2026-10-05 14:49:16.846","S,1192,1,10,F,300,1531,3314,3279,-35,183,177,-1520,-1537,1526,1544,7,22234"
"2026-10-05 14:49:16.899","S,1242,1,10,F,300,1594,3314,3292,-22,137,133,-1586,-1601,1588,1605,7,22239"
"2026-10-05 14:49:16.946","S,1292,1,10,F,300,1650,3314,3300,-14,136,134,-1644,-1658,1642,1657,7,22244"
"2026-10-05 14:49:16.997","S,1342,1,10,F,300,1700,3314,3294,-20,0,0,-1694,-1710,1692,1707,7,22249"
"2026-10-05 14:49:17.051","S,1392,1,10,F,300,1740,3314,3298,-16,0,0,-1734,-1749,1730,1746,7,22254"
"2026-10-05 14:49:17.097","S,1442,1,10,F,300,1769,3314,3309,-5,0,0,-1764,-1774,1756,1774,7,22259"
"2026-10-05 14:49:17.146","S,1492,1,10,F,300,1785,3314,3312,-2,0,0,-1782,-1789,1772,1788,7,22264"
"2026-10-05 14:49:17.197","S,1542,1,10,F,300,1790,3314,3308,-6,0,0,-1787,-1796,1778,1793,7,22269"
"2026-10-05 14:49:17.224","EVENT,STEP_END,10,DISTANCE_OVERSHOOT,F,300,3314,3306,-8,1568,1789,-1785,-1795,1779,1793"
"2026-10-05 14:49:17.247","S,0,0,10,F,300,0,3314,3304,-10,0,0,-1785,-1794,1779,1793,7,22274"
